{"app_version":65,"keymap_db_version":13,"fingerprint_map_list":[{"action_list":[],"constraints":[],"constraint_mode":1,"extras":[],"flags":0,"id":0,"enabled":true},{"action_list":[],"constraints":[],"constraint_mode":1,"extras":[],"flags":0,"id":1,"enabled":true},{"action_list":[],"constraints":[],"constraint_mode":1,"extras":[],"flags":0,"id":2,"enabled":true},{"action_list":[],"constraints":[],"constraint_mode":1,"extras":[],"flags":0,"id":3,"enabled":true}],"keymap_list":[{"actionList":[{"data":"21","extras":[{"data":"13","id":"extra_repeat_delay"},{"data":"225","id":"extra_hold_down_until_repeat_delay"}],"flags":4,"type":"KEY_EVENT","uid":"0ba5151d-0f33-4f50-b013-d3fd6543a4ee"}],"constraintList":[],"constraintMode":1,"flags":0,"id":1,"isEnabled":true,"trigger":{"extras":[],"flags":0,"keys":[{"clickType":0,"deviceId":"io.github.sds100.keymapper.ANY_DEVICE","flags":0,"keyCode":58,"uid":"41d2513a-0b0b-4cf8-99ed-9949c7fef1ab"},{"clickType":0,"deviceId":"io.github.sds100.keymapper.ANY_DEVICE","flags":0,"keyCode":36,"uid":"c9bd201d-2a0c-4f58-a43b-ea670a966b1b"}],"mode":0},"uid":"de8ce8d2-5199-4e81-800b-5b08f56e98f8"},{"actionList":[{"data":"22","extras":[{"data":"13","id":"extra_repeat_delay"},{"data":"225","id":"extra_hold_down_until_repeat_delay"}],"flags":4,"type":"KEY_EVENT","uid":"0ba5151d-0f33-4f50-b013-d3fd6543a4ee"}],"constraintList":[],"constraintMode":1,"flags":0,"id":6,"isEnabled":true,"trigger":{"extras":[],"flags":0,"keys":[{"clickType":0,"deviceId":"io.github.sds100.keymapper.ANY_DEVICE","flags":0,"keyCode":58,"uid":"41d2513a-0b0b-4cf8-99ed-9949c7fef1ab"},{"clickType":0,"deviceId":"io.github.sds100.keymapper.ANY_DEVICE","flags":0,"keyCode":40,"uid":"8be665e6-096b-4bfe-9f3c-5385acb8d548"}],"mode":0},"uid":"bdf9b618-e314-4000-a7f7-c1f6d1de3afd"},{"actionList":[{"data":"20","extras":[{"data":"13","id":"extra_repeat_delay"},{"data":"225","id":"extra_hold_down_until_repeat_delay"}],"flags":4,"type":"KEY_EVENT","uid":"0ba5151d-0f33-4f50-b013-d3fd6543a4ee"}],"constraintList":[],"constraintMode":1,"flags":0,"id":8,"isEnabled":true,"trigger":{"extras":[],"flags":0,"keys":[{"clickType":0,"deviceId":"io.github.sds100.keymapper.ANY_DEVICE","flags":0,"keyCode":58,"uid":"41d2513a-0b0b-4cf8-99ed-9949c7fef1ab"},{"clickType":0,"deviceId":"io.github.sds100.keymapper.ANY_DEVICE","flags":0,"keyCode":38,"uid":"a58d0d25-2044-46c5-8d7e-353d224252fb"}],"mode":0},"uid":"8d9edec0-d8b0-4af0-a8d6-0522622d312a"},{"actionList":[{"data":"19","extras":[{"data":"13","id":"extra_repeat_delay"},{"data":"225","id":"extra_hold_down_until_repeat_delay"}],"flags":4,"type":"KEY_EVENT","uid":"0ba5151d-0f33-4f50-b013-d3fd6543a4ee"}],"constraintList":[],"constraintMode":1,"flags":0,"id":9,"isEnabled":true,"trigger":{"extras":[],"flags":0,"keys":[{"clickType":0,"deviceId":"io.github.sds100.keymapper.ANY_DEVICE","flags":0,"keyCode":58,"uid":"41d2513a-0b0b-4cf8-99ed-9949c7fef1ab"},{"clickType":0,"deviceId":"io.github.sds100.keymapper.ANY_DEVICE","flags":0,"keyCode":39,"uid":"845935ec-3309-4d0d-be24-2797144c4445"}],"mode":0},"uid":"0a717e99-9168-41a8-b512-95b0ae7ada31"},{"actionList":[{"data":"113","extras":[],"flags":8,"type":"KEY_EVENT","uid":"6e16f162-69b3-4799-a8e4-9f064fd46e8f"},{"data":"67","extras":[{"data":"13","id":"extra_repeat_delay"},{"data":"225","id":"extra_hold_down_until_repeat_delay"}],"flags":4,"type":"KEY_EVENT","uid":"0ba5151d-0f33-4f50-b013-d3fd6543a4ee"}],"constraintList":[],"constraintMode":1,"flags":0,"id":10,"isEnabled":true,"trigger":{"extras":[],"flags":0,"keys":[{"clickType":0,"deviceId":"io.github.sds100.keymapper.ANY_DEVICE","flags":0,"keyCode":58,"uid":"41d2513a-0b0b-4cf8-99ed-9949c7fef1ab"},{"clickType":0,"deviceId":"io.github.sds100.keymapper.ANY_DEVICE","flags":0,"keyCode":51,"uid":"24f8e7da-21cf-45b6-b8c6-2936b38fc6b2"}],"mode":0},"uid":"22190b49-f3eb-40e0-8842-6c7a21fd15f4"},{"actionList":[{"data":"66","extras":[{"data":"13","id":"extra_repeat_delay"},{"data":"225","id":"extra_hold_down_until_repeat_delay"}],"flags":4,"type":"KEY_EVENT","uid":"0ba5151d-0f33-4f50-b013-d3fd6543a4ee"}],"constraintList":[],"constraintMode":1,"flags":0,"id":11,"isEnabled":true,"trigger":{"extras":[],"flags":0,"keys":[{"clickType":0,"deviceId":"io.github.sds100.keymapper.ANY_DEVICE","flags":0,"keyCode":58,"uid":"41d2513a-0b0b-4cf8-99ed-9949c7fef1ab"},{"clickType":0,"deviceId":"io.github.sds100.keymapper.ANY_DEVICE","flags":0,"keyCode":43,"uid":"a6bc4968-ea6f-4b7c-959a-1acaaa29b1e8"}],"mode":0},"uid":"21bcc5ca-92a0-485f-b4a7-b09d01855a25"},{"actionList":[{"data":"113","extras":[],"flags":8,"type":"KEY_EVENT","uid":"04673591-e6a5-417b-9d8f-b7bd71018d15"},{"data":"21","extras":[{"data":"13","id":"extra_repeat_delay"},{"data":"225","id":"extra_hold_down_until_repeat_delay"}],"flags":4,"type":"KEY_EVENT","uid":"0ba5151d-0f33-4f50-b013-d3fd6543a4ee"}],"constraintList":[],"constraintMode":1,"flags":0,"id":12,"isEnabled":true,"trigger":{"extras":[],"flags":0,"keys":[{"clickType":0,"deviceId":"io.github.sds100.keymapper.ANY_DEVICE","flags":0,"keyCode":58,"uid":"41d2513a-0b0b-4cf8-99ed-9949c7fef1ab"},{"clickType":0,"deviceId":"io.github.sds100.keymapper.ANY_DEVICE","flags":0,"keyCode":29,"uid":"d6dc084c-84cf-4d3e-bc63-a6ef3c8ef428"}],"mode":0},"uid":"77b85a3d-584f-4f95-b9c3-31155e87c1d5"},{"actionList":[{"data":"113","extras":[],"flags":8,"type":"KEY_EVENT","uid":"c7833c14-67b4-4191-9060-7d3ba8b78ff9"},{"data":"22","extras":[{"data":"13","id":"extra_repeat_delay"},{"data":"225","id":"extra_hold_down_until_repeat_delay"}],"flags":4,"type":"KEY_EVENT","uid":"0ba5151d-0f33-4f50-b013-d3fd6543a4ee"}],"constraintList":[],"constraintMode":1,"flags":0,"id":13,"isEnabled":true,"trigger":{"extras":[],"flags":0,"keys":[{"clickType":0,"deviceId":"io.github.sds100.keymapper.ANY_DEVICE","flags":0,"keyCode":58,"uid":"41d2513a-0b0b-4cf8-99ed-9949c7fef1ab"},{"clickType":0,"deviceId":"io.github.sds100.keymapper.ANY_DEVICE","flags":0,"keyCode":34,"uid":"93920ae6-311c-419a-9408-49046038a902"}],"mode":0},"uid":"2e7e2ccc-cba9-4218-8628-500805085f2c"},{"actionList":[{"data":"67","extras":[{"data":"13","id":"extra_repeat_delay"},{"data":"225","id":"extra_hold_down_until_repeat_delay"}],"flags":4,"type":"KEY_EVENT","uid":"0ba5151d-0f33-4f50-b013-d3fd6543a4ee"}],"constraintList":[],"constraintMode":1,"flags":0,"id":15,"isEnabled":true,"trigger":{"extras":[],"flags":0,"keys":[{"clickType":0,"deviceId":"io.github.sds100.keymapper.ANY_DEVICE","flags":0,"keyCode":58,"uid":"41d2513a-0b0b-4cf8-99ed-9949c7fef1ab"},{"clickType":0,"deviceId":"io.github.sds100.keymapper.ANY_DEVICE","flags":0,"keyCode":47,"uid":"c8b19c3c-1688-448f-b819-f649abc7d3aa"}],"mode":0},"uid":"0078b8d5-8629-4830-a0e4-7354c56752b5"},{"actionList":[{"data":"22","extras":[{"data":"1","id":"extra_multiplier"}],"flags":0,"type":"KEY_EVENT","uid":"7368b963-9ec6-4c20-aa84-d726bcd6eaa5"},{"data":"67","extras":[{"data":"4096","id":"extra_meta_state"}],"flags":0,"type":"KEY_EVENT","uid":"0ba5151d-0f33-4f50-b013-d3fd6543a4ee"}],"constraintList":[],"constraintMode":1,"flags":0,"id":16,"isEnabled":true,"trigger":{"extras":[],"flags":0,"keys":[{"clickType":0,"deviceId":"io.github.sds100.keymapper.ANY_DEVICE","flags":0,"keyCode":58,"uid":"41d2513a-0b0b-4cf8-99ed-9949c7fef1ab"},{"clickType":0,"deviceId":"io.github.sds100.keymapper.ANY_DEVICE","flags":0,"keyCode":32,"uid":"7ab41224-fb3b-4468-952b-998cc12ae255"}],"mode":0},"uid":"9583c86b-e638-4905-bab1-766bce189cc7"},{"actionList":[{"data":"111","extras":[{"data":"0","id":"extra_delay_before_next_action"}],"flags":0,"type":"KEY_EVENT","uid":"d56d6772-9447-481b-9f35-4be5e08504e8"}],"constraintList":[],"constraintMode":1,"flags":0,"id":17,"isEnabled":false,"trigger":{"extras":[],"flags":0,"keys":[{"clickType":0,"deviceId":"io.github.sds100.keymapper.ANY_DEVICE","flags":1,"keyCode":57,"uid":"25decd1e-9db6-49c4-bfac-e7d3cf8347a2"}],"mode":2},"uid":"84c378f2-906c-4bf5-b682-9d0044b4f698"},{"actionList":[{"data":"57","extras":[],"flags":8,"type":"KEY_EVENT","uid":"c84d5467-3402-402c-8857-87097c9a3911"},{"data":"61","extras":[],"flags":4,"type":"KEY_EVENT","uid":"26347867-1553-4c2e-b8d7-e7ca159ba9e8"}],"constraintList":[],"constraintMode":1,"flags":0,"id":18,"isEnabled":false,"trigger":{"extras":[],"flags":0,"keys":[{"clickType":0,"deviceId":"io.github.sds100.keymapper.ANY_DEVICE","flags":1,"keyCode":57,"uid":"068f6b9a-79f1-4905-8c06-5c051cf473f0"},{"clickType":0,"deviceId":"io.github.sds100.keymapper.ANY_DEVICE","flags":0,"keyCode":61,"uid":"d4b3a9ca-e214-451a-9847-856c5e7e4846"}],"mode":0},"uid":"69432571-616c-4bd9-ab7c-b20ded3a1529"},{"actionList":[{"data":"66","extras":[{"data":"13","id":"extra_repeat_delay"},{"data":"225","id":"extra_hold_down_until_repeat_delay"}],"flags":4,"type":"KEY_EVENT","uid":"0ba5151d-0f33-4f50-b013-d3fd6543a4ee"}],"constraintList":[],"constraintMode":1,"flags":0,"id":20,"isEnabled":true,"trigger":{"extras":[],"flags":0,"keys":[{"clickType":0,"deviceId":"io.github.sds100.keymapper.ANY_DEVICE","flags":0,"keyCode":58,"uid":"41d2513a-0b0b-4cf8-99ed-9949c7fef1ab"},{"clickType":0,"deviceId":"io.github.sds100.keymapper.ANY_DEVICE","flags":0,"keyCode":74,"uid":"d66ac99f-bdcb-4540-8eb8-d46c4215cd74"}],"mode":0},"uid":"32332904-5f48-4bbc-9926-9f8aba7d0171"},{"actionList":[{"data":"66","extras":[{"data":"13","id":"extra_repeat_delay"},{"data":"225","id":"extra_hold_down_until_repeat_delay"}],"flags":4,"type":"KEY_EVENT","uid":"0ba5151d-0f33-4f50-b013-d3fd6543a4ee"}],"constraintList":[],"constraintMode":1,"flags":0,"id":21,"isEnabled":true,"trigger":{"extras":[],"flags":0,"keys":[{"clickType":0,"deviceId":"io.github.sds100.keymapper.ANY_DEVICE","flags":0,"keyCode":58,"uid":"41d2513a-0b0b-4cf8-99ed-9949c7fef1ab"},{"clickType":0,"deviceId":"io.github.sds100.keymapper.ANY_DEVICE","flags":0,"keyCode":44,"uid":"64ddcdfb-c6ea-43b6-b130-a4d589076a42"}],"mode":0},"uid":"e00a16cb-1ccd-4d06-94b6-c6a2ce91864a"},{"actionList":[{"data":"screenshot","extras":[],"flags":0,"type":"SYSTEM_ACTION","uid":"cbdfb0e9-d972-4c2e-9a37-6e7ce6dde7c5"}],"constraintList":[],"constraintMode":1,"flags":0,"id":22,"isEnabled":true,"trigger":{"extras":[],"flags":0,"keys":[{"clickType":0,"deviceId":"io.github.sds100.keymapper.ANY_DEVICE","flags":1,"keyCode":113,"uid":"a558bd5c-8cf3-480d-ae66-24d73716892e"},{"clickType":0,"deviceId":"io.github.sds100.keymapper.ANY_DEVICE","flags":1,"keyCode":59,"uid":"41948ec1-d074-4b92-be04-04af2ff4bf92"},{"clickType":0,"deviceId":"io.github.sds100.keymapper.ANY_DEVICE","flags":1,"keyCode":57,"uid":"bf1d082f-39e3-44ec-a87e-63b23a79b5d2"},{"clickType":0,"deviceId":"io.github.sds100.keymapper.ANY_DEVICE","flags":0,"keyCode":47,"uid":"8ffb748d-7e8b-45e3-bd61-0b7dd85f6d4a"}],"mode":0},"uid":"2ed42229-5788-4e74-915a-ec4d16d4e2c1"},{"actionList":[{"data":"600,600,600,800,1,100","extras":[{"data":"94","id":"extra_repeat_delay"},{"data":"350","id":"extra_hold_down_until_repeat_delay"}],"flags":4,"type":"SWIPE_COORDINATE","uid":"f95a114b-438f-42b2-b854-350059d57f98"}],"constraintList":[],"constraintMode":1,"flags":0,"id":24,"isEnabled":true,"trigger":{"extras":[],"flags":0,"keys":[{"clickType":0,"deviceId":"io.github.sds100.keymapper.ANY_DEVICE","flags":1,"keyCode":117,"uid":"817cbedd-fc4f-42a8-9528-029eb49f8193"},{"clickType":0,"deviceId":"io.github.sds100.keymapper.ANY_DEVICE","flags":0,"keyCode":39,"uid":"56a6f54a-826b-4c47-9dda-9f1d49c4cca6"}],"mode":0},"uid":"0cf6ab37-b940-4aaa-8186-7240e9d46aac"},{"actionList":[{"data":"600,800,600,600,1,100","extras":[{"data":"106","id":"extra_repeat_delay"},{"data":"375","id":"extra_hold_down_until_repeat_delay"}],"flags":4,"type":"SWIPE_COORDINATE","uid":"f95a114b-438f-42b2-b854-350059d57f98"}],"constraintList":[],"constraintMode":1,"flags":0,"id":25,"isEnabled":true,"trigger":{"extras":[],"flags":0,"keys":[{"clickType":0,"deviceId":"io.github.sds100.keymapper.ANY_DEVICE","flags":1,"keyCode":117,"uid":"0ea976c7-97b8-4edc-bc20-79ee1c7b6307"},{"clickType":0,"deviceId":"io.github.sds100.keymapper.ANY_DEVICE","flags":0,"keyCode":38,"uid":"49e5fbb1-91ff-4100-baf5-c30be4ee2d06"}],"mode":0},"uid":"66f0a37c-ebc2-49c5-816e-d9346586d181"},{"actionList":[{"data":"600,600,1000,600,1,75","extras":[{"data":"80","id":"extra_repeat_delay"},{"data":"365","id":"extra_hold_down_until_repeat_delay"}],"flags":4,"type":"SWIPE_COORDINATE","uid":"f95a114b-438f-42b2-b854-350059d57f98"}],"constraintList":[],"constraintMode":1,"flags":0,"id":26,"isEnabled":true,"trigger":{"extras":[],"flags":0,"keys":[{"clickType":0,"deviceId":"io.github.sds100.keymapper.ANY_DEVICE","flags":1,"keyCode":117,"uid":"6b0ee727-4957-4e80-99a2-a1daba088be7"},{"clickType":0,"deviceId":"io.github.sds100.keymapper.ANY_DEVICE","flags":0,"keyCode":36,"uid":"42e46c9f-937a-42c4-b928-208ac2853318"}],"mode":0},"uid":"6b1591af-dd83-4a15-9056-a4d8224e8d73"},{"actionList":[{"data":"1000,600,600,600,1,75","extras":[{"data":"79","id":"extra_repeat_delay"},{"data":"315","id":"extra_hold_down_until_repeat_delay"}],"flags":4,"type":"SWIPE_COORDINATE","uid":"f95a114b-438f-42b2-b854-350059d57f98"}],"constraintList":[],"constraintMode":1,"flags":0,"id":27,"isEnabled":true,"trigger":{"extras":[],"flags":0,"keys":[{"clickType":0,"deviceId":"io.github.sds100.keymapper.ANY_DEVICE","flags":1,"keyCode":117,"uid":"f5f55380-26dd-4ab1-917c-50cfcdfb5d16"},{"clickType":0,"deviceId":"io.github.sds100.keymapper.ANY_DEVICE","flags":0,"keyCode":40,"uid":"17a0fb9b-2639-4d43-9a7f-518970e96f86"}],"mode":0},"uid":"96cf4236-975b-489a-aff5-a5aca0b5bf9d"},{"actionList":[{"data":"go_home","extras":[],"flags":0,"type":"SYSTEM_ACTION","uid":"a47b5cb5-52f2-4310-9841-3bb49c2fc054"}],"constraintList":[],"constraintMode":1,"flags":0,"id":28,"isEnabled":true,"trigger":{"extras":[],"flags":0,"keys":[{"clickType":0,"deviceId":"io.github.sds100.keymapper.ANY_DEVICE","flags":1,"keyCode":117,"uid":"ad04daad-44c8-4a1b-90f3-b27648e3216b"},{"clickType":0,"deviceId":"io.github.sds100.keymapper.ANY_DEVICE","flags":0,"keyCode":32,"uid":"630004e7-b17c-4a31-954e-977355afe3b3"}],"mode":0},"uid":"cb482c74-4a94-471d-b77c-f542a2e1b60f"},{"actionList":[{"data":"38","extras":[{"data":"12","id":"extra_repeat_delay"},{"data":"220","id":"extra_hold_down_until_repeat_delay"}],"flags":4,"type":"KEY_EVENT","uid":"0126ed70-0f37-4d8a-b9e0-7fcc44a964e1"}],"constraintList":[],"constraintMode":1,"flags":0,"id":29,"isEnabled":false,"trigger":{"extras":[],"flags":0,"keys":[{"clickType":0,"deviceId":"io.github.sds100.keymapper.ANY_DEVICE","flags":0,"keyCode":38,"uid":"ae3e0e3f-688d-4150-9fbb-e5768cf33065"}],"mode":2},"uid":"fbb6f1a2-d09e-4b48-9ce4-248bb5dd7053"},{"actionList":[{"data":"39","extras":[{"data":"12","id":"extra_repeat_delay"},{"data":"220","id":"extra_hold_down_until_repeat_delay"}],"flags":4,"type":"KEY_EVENT","uid":"0126ed70-0f37-4d8a-b9e0-7fcc44a964e1"}],"constraintList":[],"constraintMode":1,"flags":0,"id":30,"isEnabled":false,"trigger":{"extras":[],"flags":0,"keys":[{"clickType":0,"deviceId":"io.github.sds100.keymapper.ANY_DEVICE","flags":0,"keyCode":39,"uid":"a951df09-510f-4321-8634-2a0e32dbdc65"}],"mode":2},"uid":"b3cf22d0-6731-45e1-a4b0-e3ed618e2510"},{"actionList":[{"data":"36","extras":[{"data":"12","id":"extra_repeat_delay"},{"data":"220","id":"extra_hold_down_until_repeat_delay"}],"flags":4,"type":"KEY_EVENT","uid":"0126ed70-0f37-4d8a-b9e0-7fcc44a964e1"}],"constraintList":[],"constraintMode":1,"flags":0,"id":31,"isEnabled":false,"trigger":{"extras":[],"flags":0,"keys":[{"clickType":0,"deviceId":"io.github.sds100.keymapper.ANY_DEVICE","flags":0,"keyCode":36,"uid":"6ecc7ce7-5efb-439e-9a8f-71378832605b"}],"mode":2},"uid":"87e11c96-9ff9-4e99-ac95-d4da61f22e3e"},{"actionList":[{"data":"40","extras":[{"data":"12","id":"extra_repeat_delay"},{"data":"220","id":"extra_hold_down_until_repeat_delay"}],"flags":4,"type":"KEY_EVENT","uid":"0126ed70-0f37-4d8a-b9e0-7fcc44a964e1"}],"constraintList":[],"constraintMode":1,"flags":0,"id":32,"isEnabled":false,"trigger":{"extras":[],"flags":0,"keys":[{"clickType":0,"deviceId":"io.github.sds100.keymapper.ANY_DEVICE","flags":0,"keyCode":40,"uid":"1182e64a-0e5e-448b-926c-1ab6cbeef868"}],"mode":2},"uid":"0173c12c-3ac4-46a3-8a8e-9fe11162290e"},{"actionList":[{"data":"600,600,600,1100,1,100","extras":[{"data":"94","id":"extra_repeat_delay"},{"data":"350","id":"extra_hold_down_until_repeat_delay"}],"flags":4,"type":"SWIPE_COORDINATE","uid":"f95a114b-438f-42b2-b854-350059d57f98"}],"constraintList":[],"constraintMode":1,"flags":0,"id":33,"isEnabled":true,"trigger":{"extras":[],"flags":0,"keys":[{"clickType":0,"deviceId":"io.github.sds100.keymapper.ANY_DEVICE","flags":0,"keyCode":117,"uid":"7b7b161d-5572-47f2-9936-03c19eb74d0d"},{"clickType":0,"deviceId":"io.github.sds100.keymapper.ANY_DEVICE","flags":1,"keyCode":59,"uid":"3746990f-9155-4b25-9061-2446ed1f5eb7"},{"clickType":0,"deviceId":"io.github.sds100.keymapper.ANY_DEVICE","flags":0,"keyCode":39,"uid":"c1b7aabe-10b7-47b9-9783-1b0a0dd152be"}],"mode":0},"uid":"9dfe343a-d102-4630-9c53-fa82fc4a6971"},{"actionList":[{"data":"600,1100,600,600,1,100","extras":[{"data":"106","id":"extra_repeat_delay"},{"data":"375","id":"extra_hold_down_until_repeat_delay"}],"flags":4,"type":"SWIPE_COORDINATE","uid":"f95a114b-438f-42b2-b854-350059d57f98"}],"constraintList":[],"constraintMode":1,"flags":0,"id":34,"isEnabled":true,"trigger":{"extras":[],"flags":0,"keys":[{"clickType":0,"deviceId":"io.github.sds100.keymapper.ANY_DEVICE","flags":0,"keyCode":117,"uid":"6425239a-b6d9-4def-b68e-b3fc08613af1"},{"clickType":0,"deviceId":"io.github.sds100.keymapper.ANY_DEVICE","flags":1,"keyCode":59,"uid":"b8344402-0d0a-4dd2-86e5-7be2ba249132"},{"clickType":0,"deviceId":"io.github.sds100.keymapper.ANY_DEVICE","flags":0,"keyCode":38,"uid":"b651c123-ba80-4de7-b217-48c2669b1ee8"}],"mode":0},"uid":"8d4b6f21-25e9-4ab3-80ae-4e27abea848f"},{"actionList":[{"data":"text_paste","extras":[],"flags":0,"type":"SYSTEM_ACTION","uid":"918321a2-fbb5-45ee-b7fd-34d611c40857"}],"constraintList":[],"constraintMode":1,"flags":0,"id":35,"isEnabled":true,"trigger":{"extras":[],"flags":0,"keys":[{"clickType":0,"deviceId":"io.github.sds100.keymapper.ANY_DEVICE","flags":1,"keyCode":113,"uid":"4597d0d0-c106-4bac-9b52-12b9ccf22017"},{"clickType":0,"deviceId":"io.github.sds100.keymapper.ANY_DEVICE","flags":1,"keyCode":59,"uid":"28d00b3a-e2f7-4bc1-9d2e-68cc30c3b4a3"},{"clickType":0,"deviceId":"io.github.sds100.keymapper.ANY_DEVICE","flags":0,"keyCode":50,"uid":"66b149a6-c116-49a5-b706-c7e20476f1ef"}],"mode":0},"uid":"67d49a59-0d5f-48d6-81da-5d93b90be9a3"},{"actionList":[{"data":"text_copy","extras":[],"flags":0,"type":"SYSTEM_ACTION","uid":"f2db3293-2331-406d-985a-cf472e7d45a5"}],"constraintList":[],"constraintMode":1,"flags":0,"id":36,"isEnabled":true,"trigger":{"extras":[],"flags":0,"keys":[{"clickType":0,"deviceId":"io.github.sds100.keymapper.ANY_DEVICE","flags":1,"keyCode":113,"uid":"0ce5c73d-14bd-4125-8455-9e60333cd9cf"},{"clickType":0,"deviceId":"io.github.sds100.keymapper.ANY_DEVICE","flags":1,"keyCode":59,"uid":"00d351d4-6c0c-49a1-8b12-e5d7339c7a0d"},{"clickType":0,"deviceId":"io.github.sds100.keymapper.ANY_DEVICE","flags":0,"keyCode":31,"uid":"02c39009-7c8d-4529-87d3-6c43811aa006"}],"mode":0},"uid":"28cc42ae-1e21-4a63-8dde-38aa92446b22"},{"actionList":[{"data":"go_back","extras":[],"flags":0,"type":"SYSTEM_ACTION","uid":"dddffc3a-d38d-4eb8-a429-bf627fe50285"}],"constraintList":[],"constraintMode":1,"flags":0,"id":37,"isEnabled":true,"trigger":{"extras":[],"flags":0,"keys":[{"clickType":0,"deviceId":"io.github.sds100.keymapper.ANY_DEVICE","flags":0,"keyCode":117,"uid":"0f01af6f-da21-4a85-a3b1-5bd54969c151"},{"clickType":0,"deviceId":"io.github.sds100.keymapper.ANY_DEVICE","flags":0,"keyCode":67,"uid":"972d9373-cfb9-429b-9255-6671e317ed80"}],"mode":0},"uid":"03bde24f-4fae-4892-83a4-c54e2e1cc0f6"},{"actionList":[{"data":"233,719","extras":[],"flags":0,"type":"TAP_COORDINATE","uid":"7c27b79d-8ccb-4d37-9393-10ae4fa5f4a7"}],"constraintList":[],"constraintMode":1,"flags":0,"id":39,"isEnabled":true,"trigger":{"extras":[],"flags":0,"keys":[{"clickType":0,"deviceId":"io.github.sds100.keymapper.ANY_DEVICE","flags":1,"keyCode":117,"uid":"f734fb46-144e-431b-b4ca-758d3f5092e0"},{"clickType":0,"deviceId":"io.github.sds100.keymapper.ANY_DEVICE","flags":0,"keyCode":37,"uid":"4eec7886-2f31-47e4-a9e4-f24a18efd2fd"}],"mode":0},"uid":"dec70eff-5070-4687-9604-42700ce3d830"},{"actionList":[{"data":"portrait_mode","extras":[],"flags":0,"type":"SYSTEM_ACTION","uid":"2fa7275b-3702-4cad-a18a-0fd7ea1691c7"}],"constraintList":[],"constraintMode":1,"flags":0,"id":40,"isEnabled":true,"trigger":{"extras":[],"flags":0,"keys":[{"clickType":0,"deviceId":"io.github.sds100.keymapper.ANY_DEVICE","flags":1,"keyCode":117,"uid":"5cc12f0d-d0a8-446e-a17b-ef7bb2a6c477"},{"clickType":0,"deviceId":"io.github.sds100.keymapper.ANY_DEVICE","flags":0,"keyCode":48,"uid":"51e0ba2c-6426-4b50-8fa7-b27e7a2f21c2"}],"mode":0},"uid":"22ecaa4d-cb74-429a-bcfa-537403eaa727"},{"actionList":[{"data":"600,600,600,800,1,100","extras":[{"data":"94","id":"extra_repeat_delay"},{"data":"350","id":"extra_hold_down_until_repeat_delay"}],"flags":4,"type":"SWIPE_COORDINATE","uid":"f95a114b-438f-42b2-b854-350059d57f98"}],"constraintList":[],"constraintMode":1,"flags":0,"id":41,"isEnabled":true,"trigger":{"extras":[],"flags":0,"keys":[{"clickType":0,"deviceId":"io.github.sds100.keymapper.ANY_DEVICE","flags":0,"keyCode":117,"uid":"2c0ef3c2-0cd0-4a89-ba21-695a0b3f1f1a"},{"clickType":0,"deviceId":"io.github.sds100.keymapper.ANY_DEVICE","flags":0,"keyCode":39,"uid":"56a6f54a-826b-4c47-9dda-9f1d49c4cca6"}],"mode":0},"uid":"99f34e70-46d5-4848-8934-001ace03f68d"},{"actionList":[{"data":"600,800,600,600,1,100","extras":[{"data":"106","id":"extra_repeat_delay"},{"data":"375","id":"extra_hold_down_until_repeat_delay"}],"flags":4,"type":"SWIPE_COORDINATE","uid":"f95a114b-438f-42b2-b854-350059d57f98"}],"constraintList":[],"constraintMode":1,"flags":0,"id":42,"isEnabled":true,"trigger":{"extras":[],"flags":0,"keys":[{"clickType":0,"deviceId":"io.github.sds100.keymapper.ANY_DEVICE","flags":0,"keyCode":117,"uid":"bf303227-83d0-4a42-bc8c-5047c64cb5dd"},{"clickType":0,"deviceId":"io.github.sds100.keymapper.ANY_DEVICE","flags":0,"keyCode":38,"uid":"f4876344-da02-4d6e-9f38-7a1915aaf21e"}],"mode":0},"uid":"7a3c4daf-139c-440d-bab1-179dbde2825a"},{"actionList":[{"data":"600,600,600,1100,1,100","extras":[{"data":"94","id":"extra_repeat_delay"},{"data":"350","id":"extra_hold_down_until_repeat_delay"}],"flags":4,"type":"SWIPE_COORDINATE","uid":"f95a114b-438f-42b2-b854-350059d57f98"}],"constraintList":[],"constraintMode":1,"flags":0,"id":43,"isEnabled":true,"trigger":{"extras":[],"flags":0,"keys":[{"clickType":0,"deviceId":"io.github.sds100.keymapper.ANY_DEVICE","flags":1,"keyCode":117,"uid":"0fbe86d5-6729-4fe7-b903-48a8f485f3c3"},{"clickType":0,"deviceId":"io.github.sds100.keymapper.ANY_DEVICE","flags":1,"keyCode":59,"uid":"3746990f-9155-4b25-9061-2446ed1f5eb7"},{"clickType":0,"deviceId":"io.github.sds100.keymapper.ANY_DEVICE","flags":0,"keyCode":39,"uid":"c1b7aabe-10b7-47b9-9783-1b0a0dd152be"}],"mode":0},"uid":"b86c5085-21b3-413e-ac09-a6a6a87ab854"},{"actionList":[{"data":"600,1100,600,600,1,100","extras":[{"data":"106","id":"extra_repeat_delay"},{"data":"375","id":"extra_hold_down_until_repeat_delay"}],"flags":4,"type":"SWIPE_COORDINATE","uid":"f95a114b-438f-42b2-b854-350059d57f98"}],"constraintList":[],"constraintMode":1,"flags":0,"id":44,"isEnabled":true,"trigger":{"extras":[],"flags":0,"keys":[{"clickType":0,"deviceId":"io.github.sds100.keymapper.ANY_DEVICE","flags":1,"keyCode":117,"uid":"e26dacf1-0abf-4b44-890f-449e62bbae81"},{"clickType":0,"deviceId":"io.github.sds100.keymapper.ANY_DEVICE","flags":1,"keyCode":59,"uid":"b8344402-0d0a-4dd2-86e5-7be2ba249132"},{"clickType":0,"deviceId":"1460f7895f6dc5f8eac48bb35d12a9a6858a23a8","deviceName":"Logi K580 Keyboard","flags":0,"keyCode":38,"uid":"b651c123-ba80-4de7-b217-48c2669b1ee8"}],"mode":0},"uid":"3051dd58-98cd-40f5-8bfa-254c70cfdf2a"},{"actionList":[{"data":"switch_keyboard","extras":[{"data":"io.github.sds100.keymapper/.system.inputmethod.KeyMapperImeService","id":"extra_ime_id"},{"data":"Key Mapper Basic Input Method","id":"extra_ime_name"}],"flags":0,"type":"SYSTEM_ACTION","uid":"691eb8b8-4b58-43f2-918b-6608d53cab85"}],"constraintList":[],"constraintMode":1,"flags":0,"id":45,"isEnabled":true,"trigger":{"extras":[],"flags":0,"keys":[{"clickType":0,"deviceId":"io.github.sds100.keymapper.ANY_DEVICE","flags":1,"keyCode":117,"uid":"d781f4b7-0f11-406c-ab5a-47e78939ba3c"},{"clickType":0,"deviceId":"2ebe724e8d3f61d46950c722e7ec3cc3b57ef85f","deviceName":"Logi K580 Keyboard","flags":0,"keyCode":74,"uid":"2609139c-2cc9-4f94-8aca-f7a52698f79d"}],"mode":0},"uid":"ea204461-ee8b-4bb2-9af9-45752ca353a0"},{"actionList":[{"data":"switch_keyboard","extras":[{"data":"com.samsung.android.honeyboard/.service.HoneyBoardService","id":"extra_ime_id"},{"data":"Samsung Keyboard","id":"extra_ime_name"}],"flags":0,"type":"SYSTEM_ACTION","uid":"4624b40e-39a0-41b4-9605-2bfa98397945"}],"constraintList":[],"constraintMode":1,"flags":0,"id":46,"isEnabled":true,"trigger":{"extras":[],"flags":0,"keys":[{"clickType":0,"deviceId":"io.github.sds100.keymapper.ANY_DEVICE","flags":1,"keyCode":117,"uid":"186b1434-96de-4d65-a978-66aa39f5be86"},{"clickType":0,"deviceId":"io.github.sds100.keymapper.ANY_DEVICE","flags":0,"keyCode":75,"uid":"3ff3eb0a-fb35-45f5-89af-ed9c0a5815da"}],"mode":0},"uid":"a713bfb8-d563-4667-aa86-339959d9f42c"},{"actionList":[{"data":"landscape_mode","extras":[],"flags":0,"type":"SYSTEM_ACTION","uid":"8480cd3c-65e2-4512-ac18-be31b8d40af0"}],"constraintList":[],"constraintMode":1,"flags":0,"id":47,"isEnabled":true,"trigger":{"extras":[],"flags":0,"keys":[{"clickType":0,"deviceId":"io.github.sds100.keymapper.ANY_DEVICE","flags":1,"keyCode":117,"uid":"2bb7e452-7d87-46eb-97a6-7fd370f4ae1c"},{"clickType":0,"deviceId":"io.github.sds100.keymapper.ANY_DEVICE","flags":1,"keyCode":59,"uid":"e8d0cbfc-b062-430b-963e-2e06efbafad0"},{"clickType":0,"deviceId":"io.github.sds100.keymapper.ANY_DEVICE","flags":0,"keyCode":48,"uid":"1e8bc3b4-feb3-40eb-9daa-86a6ae439d4e"}],"mode":0},"uid":"f8468394-9712-403a-b687-d6c5d971b8ed"},{"actionList":[{"data":"193,1916","extras":[],"flags":0,"type":"TAP_COORDINATE","uid":"7c27b79d-8ccb-4d37-9393-10ae4fa5f4a7"}],"constraintList":[],"constraintMode":1,"flags":0,"id":48,"isEnabled":true,"trigger":{"extras":[],"flags":0,"keys":[{"clickType":0,"deviceId":"io.github.sds100.keymapper.ANY_DEVICE","flags":1,"keyCode":117,"uid":"07ae6ffc-f745-444a-8d69-00564221a579"},{"clickType":0,"deviceId":"io.github.sds100.keymapper.ANY_DEVICE","flags":0,"keyCode":42,"uid":"891645c3-9921-45bb-bc51-7b636561f7df"}],"mode":0},"uid":"cfc18952-cff2-4033-b07b-b9b296264651"},{"actionList":[{"data":"decrease_brightness","extras":[],"flags":0,"type":"SYSTEM_ACTION","uid":"a0ccac2b-a7a2-49e6-b0ce-f8915233a8cb"}],"constraintList":[],"constraintMode":1,"flags":0,"id":49,"isEnabled":true,"trigger":{"extras":[],"flags":0,"keys":[{"clickType":0,"deviceId":"io.github.sds100.keymapper.ANY_DEVICE","flags":1,"keyCode":117,"uid":"4964d076-9478-4d47-b4d7-4f067d15ebeb"},{"clickType":0,"deviceId":"io.github.sds100.keymapper.ANY_DEVICE","flags":1,"keyCode":59,"uid":"7954972b-bb37-4cac-bff5-fe11b25ec05b"},{"clickType":0,"deviceId":"io.github.sds100.keymapper.ANY_DEVICE","flags":0,"keyCode":29,"uid":"d600e69a-adf7-4b0c-934c-358155038ca6"}],"mode":0},"uid":"85024591-68d2-40d1-b3b6-d77c8e02bd1f"},{"actionList":[{"data":"increase_brightness","extras":[],"flags":0,"type":"SYSTEM_ACTION","uid":"3774b442-ca6d-4d41-9360-bacab6f2e681"}],"constraintList":[],"constraintMode":1,"flags":0,"id":50,"isEnabled":true,"trigger":{"extras":[],"flags":0,"keys":[{"clickType":0,"deviceId":"io.github.sds100.keymapper.ANY_DEVICE","flags":1,"keyCode":117,"uid":"0bf59742-a6dc-4770-8677-1988c9297441"},{"clickType":0,"deviceId":"io.github.sds100.keymapper.ANY_DEVICE","flags":0,"keyCode":29,"uid":"d600e69a-adf7-4b0c-934c-358155038ca6"}],"mode":0},"uid":"00ca04d8-76d9-4963-83db-64781e51105e"},{"actionList":[{"data":"open_recents","extras":[],"flags":0,"type":"SYSTEM_ACTION","uid":"e124a06f-120c-4812-bceb-690bd9bc302f"}],"constraintList":[],"constraintMode":1,"flags":0,"id":51,"isEnabled":true,"trigger":{"extras":[],"flags":0,"keys":[{"clickType":0,"deviceId":"io.github.sds100.keymapper.ANY_DEVICE","flags":1,"keyCode":117,"uid":"00f5b951-3192-4d5f-9ac2-740411364adc"},{"clickType":0,"deviceId":"io.github.sds100.keymapper.ANY_DEVICE","flags":0,"keyCode":51,"uid":"41ab9603-f426-47cd-b0bc-b8818b56bd71"}],"mode":0},"uid":"5a81f5e7-2e00-42a4-b93b-19685ff8e6ca"},{"actionList":[{"data":"514,1148","extras":[],"flags":0,"type":"TAP_COORDINATE","uid":"7c27b79d-8ccb-4d37-9393-10ae4fa5f4a7"}],"constraintList":[],"constraintMode":1,"flags":0,"id":52,"isEnabled":true,"trigger":{"extras":[],"flags":0,"keys":[{"clickType":0,"deviceId":"io.github.sds100.keymapper.ANY_DEVICE","flags":1,"keyCode":117,"uid":"318ebed5-d20e-4036-9631-4b162a5c84d3"},{"clickType":0,"deviceId":"io.github.sds100.keymapper.ANY_DEVICE","flags":0,"keyCode":35,"uid":"b1c5ed4e-edd4-4682-a2e9-a390d4d90338"}],"mode":0},"uid":"36a62391-54a5-4d21-b7a4-3076b33b8d4a"},{"actionList":[{"data":"113","extras":[],"flags":8,"type":"KEY_EVENT","uid":"5cacbb50-2e0b-48fb-aa32-8cfee5ae1c76"}],"constraintList":[],"constraintMode":1,"flags":0,"id":54,"isEnabled":false,"trigger":{"extras":[],"flags":0,"keys":[{"clickType":0,"deviceId":"io.github.sds100.keymapper.ANY_DEVICE","flags":1,"keyCode":58,"uid":"d8fa6779-897b-4d5c-a676-5aa1281d7621"}],"mode":2},"uid":"7d53df8f-cbc6-4417-8a91-17ff93541c6b"},{"actionList":[{"data":"61","extras":[{"data":"4096","id":"extra_meta_state"},{"data":"101","id":"extra_repeat_delay"},{"data":"260","id":"extra_hold_down_until_repeat_delay"}],"flags":4,"type":"KEY_EVENT","uid":"fb5fda10-70ea-4d44-a949-58f8fd5d14e1"}],"constraintList":[],"constraintMode":1,"flags":0,"id":55,"isEnabled":true,"trigger":{"extras":[],"flags":0,"keys":[{"clickType":0,"deviceId":"io.github.sds100.keymapper.ANY_DEVICE","flags":1,"keyCode":113,"uid":"836b5011-e7eb-40e8-8afe-b07959fe2222"},{"clickType":0,"deviceId":"io.github.sds100.keymapper.ANY_DEVICE","flags":1,"keyCode":57,"uid":"cccc6d4f-4a50-469f-b806-e4e4524662b4"},{"clickType":0,"deviceId":"io.github.sds100.keymapper.ANY_DEVICE","flags":0,"keyCode":61,"uid":"72913ee5-d498-4027-ae6f-872b78fc8fbf"}],"mode":0},"uid":"d6427cba-61a3-42f5-ab6b-435ede9d640c"},{"actionList":[{"data":"117","extras":[],"flags":8,"type":"KEY_EVENT","uid":"48076cce-6119-4891-bf90-841df707bcf2"}],"constraintList":[],"constraintMode":1,"flags":0,"id":56,"isEnabled":true,"trigger":{"extras":[],"flags":0,"keys":[{"clickType":0,"deviceId":"io.github.sds100.keymapper.ANY_DEVICE","flags":0,"keyCode":0,"uid":"ea7d1261-c71a-419e-b76c-f846432a6c03"}],"mode":2},"uid":"b1a99018-672b-4dd2-bc11-3f7bc457b784"},{"actionList":[{"data":"111","extras":[],"flags":0,"type":"KEY_EVENT","uid":"363d41a6-8e65-45de-bbb6-85a3ea4bdb73"}],"constraintList":[],"constraintMode":1,"flags":0,"id":58,"isEnabled":true,"trigger":{"extras":[],"flags":0,"keys":[{"clickType":0,"deviceId":"io.github.sds100.keymapper.ANY_DEVICE","flags":0,"keyCode":117,"uid":"1e3f4bc5-b8f0-479d-97cd-94296c212c09"}],"mode":2},"uid":"fb55c910-2e64-464b-a582-2c39f80acc6e"},{"actionList":[{"data":"text_copy","extras":[],"flags":0,"type":"SYSTEM_ACTION","uid":"1aae3c49-0b09-43e7-8c77-ed7c967d0574"}],"constraintList":[],"constraintMode":1,"flags":0,"id":59,"isEnabled":true,"trigger":{"extras":[],"flags":0,"keys":[{"clickType":0,"deviceId":"io.github.sds100.keymapper.ANY_DEVICE","flags":1,"keyCode":117,"uid":"a9c1afcf-168c-44c2-be30-c9e4f0706eb3"},{"clickType":0,"deviceId":"io.github.sds100.keymapper.ANY_DEVICE","flags":0,"keyCode":53,"uid":"9c777e75-4799-42f6-b1b6-a368f0263ba2"}],"mode":0},"uid":"e9093ade-9ab4-4bee-803b-facc3dd81c8c"},{"actionList":[{"data":"113","extras":[],"flags":8,"type":"KEY_EVENT","uid":"682f7786-cbba-44e6-8d63-3e6f09b2939e"},{"data":"57","extras":[],"flags":8,"type":"KEY_EVENT","uid":"b710306d-c87c-49e8-b172-263e68239e9c"},{"data":"21","extras":[],"flags":4,"type":"KEY_EVENT","uid":"690817e2-c732-482c-aca9-2650babc1b24"}],"constraintList":[],"constraintMode":1,"flags":0,"id":60,"isEnabled":true,"trigger":{"extras":[],"flags":0,"keys":[{"clickType":0,"deviceId":"io.github.sds100.keymapper.ANY_DEVICE","flags":0,"keyCode":58,"uid":"eae64413-87db-4ed9-b06d-2eea94a2f0a3"},{"clickType":0,"deviceId":"io.github.sds100.keymapper.ANY_DEVICE","flags":0,"keyCode":71,"uid":"30b221a5-1b03-44d9-ada8-74e90e3c4187"}],"mode":0},"uid":"e86e13cd-4fc1-4365-9ec3-318681f76d32"},{"actionList":[{"data":"113","extras":[],"flags":8,"type":"KEY_EVENT","uid":"682f7786-cbba-44e6-8d63-3e6f09b2939e"},{"data":"57","extras":[],"flags":8,"type":"KEY_EVENT","uid":"b710306d-c87c-49e8-b172-263e68239e9c"},{"data":"22","extras":[],"flags":4,"type":"KEY_EVENT","uid":"690817e2-c732-482c-aca9-2650babc1b24"}],"constraintList":[],"constraintMode":1,"flags":0,"id":62,"isEnabled":true,"trigger":{"extras":[],"flags":0,"keys":[{"clickType":0,"deviceId":"io.github.sds100.keymapper.ANY_DEVICE","flags":0,"keyCode":58,"uid":"eae64413-87db-4ed9-b06d-2eea94a2f0a3"},{"clickType":0,"deviceId":"io.github.sds100.keymapper.ANY_DEVICE","flags":0,"keyCode":72,"uid":"bdf91fa6-00d1-4798-8748-114d6bf87985"}],"mode":0},"uid":"c71a8220-666d-4eac-868a-d21816a17f92"},{"actionList":[{"data":"113","extras":[],"flags":8,"type":"KEY_EVENT","uid":"f76be11d-eb31-4253-8103-665f04855f0a"},{"data":"61","extras":[],"flags":4,"type":"KEY_EVENT","uid":"c393414c-d4a4-417d-8e54-0d9fc80f296f"}],"constraintList":[],"constraintMode":1,"flags":0,"id":63,"isEnabled":true,"trigger":{"extras":[],"flags":0,"keys":[{"clickType":0,"deviceId":"io.github.sds100.keymapper.ANY_DEVICE","flags":1,"keyCode":58,"uid":"70b51358-ac0f-47ed-bd8a-391b30d25620"},{"clickType":0,"deviceId":"io.github.sds100.keymapper.ANY_DEVICE","flags":0,"keyCode":61,"uid":"abae7fc1-b7b0-4a06-9d3e-7ba294b6013e"}],"mode":0},"uid":"111f7fe8-83e3-44aa-adcb-19021e561239"}]}