{"app_version":65,"keymap_db_version":13,"fingerprint_map_list":[{"action_list":[],"constraints":[],"constraint_mode":1,"extras":[],"flags":0,"id":0,"enabled":true},{"action_list":[],"constraints":[],"constraint_mode":1,"extras":[],"flags":0,"id":1,"enabled":true},{"action_list":[],"constraints":[],"constraint_mode":1,"extras":[],"flags":0,"id":2,"enabled":true},{"action_list":[],"constraints":[],"constraint_mode":1,"extras":[],"flags":0,"id":3,"enabled":true}],"keymap_list":[{"actionList":[{"data":"21","extras":[{"data":"13","id":"extra_repeat_delay"},{"data":"225","id":"extra_hold_down_until_repeat_delay"}],"flags":4,"type":"KEY_EVENT","uid":"0ba5151d-0f33-4f50-b013-d3fd6543a4ee"}],"constraintList":[],"constraintMode":1,"flags":0,"id":1,"isEnabled":true,"trigger":{"extras":[],"flags":0,"keys":[{"clickType":0,"deviceId":"io.github.sds100.keymapper.ANY_DEVICE","flags":1,"keyCode":58,"uid":"41d2513a-0b0b-4cf8-99ed-9949c7fef1ab"},{"clickType":0,"deviceId":"io.github.sds100.keymapper.ANY_DEVICE","flags":0,"keyCode":36,"uid":"c9bd201d-2a0c-4f58-a43b-ea670a966b1b"}],"mode":0},"uid":"de8ce8d2-5199-4e81-800b-5b08f56e98f8"},{"actionList":[{"data":"22","extras":[{"data":"13","id":"extra_repeat_delay"},{"data":"225","id":"extra_hold_down_until_repeat_delay"}],"flags":4,"type":"KEY_EVENT","uid":"0ba5151d-0f33-4f50-b013-d3fd6543a4ee"}],"constraintList":[],"constraintMode":1,"flags":0,"id":6,"isEnabled":true,"trigger":{"extras":[],"flags":0,"keys":[{"clickType":0,"deviceId":"io.github.sds100.keymapper.ANY_DEVICE","flags":1,"keyCode":58,"uid":"41d2513a-0b0b-4cf8-99ed-9949c7fef1ab"},{"clickType":0,"deviceId":"io.github.sds100.keymapper.ANY_DEVICE","flags":0,"keyCode":40,"uid":"8be665e6-096b-4bfe-9f3c-5385acb8d548"}],"mode":0},"uid":"bdf9b618-e314-4000-a7f7-c1f6d1de3afd"},{"actionList":[{"data":"20","extras":[{"data":"13","id":"extra_repeat_delay"},{"data":"225","id":"extra_hold_down_until_repeat_delay"}],"flags":4,"type":"KEY_EVENT","uid":"0ba5151d-0f33-4f50-b013-d3fd6543a4ee"}],"constraintList":[],"constraintMode":1,"flags":0,"id":8,"isEnabled":true,"trigger":{"extras":[],"flags":0,"keys":[{"clickType":0,"deviceId":"io.github.sds100.keymapper.ANY_DEVICE","flags":1,"keyCode":58,"uid":"41d2513a-0b0b-4cf8-99ed-9949c7fef1ab"},{"clickType":0,"deviceId":"io.github.sds100.keymapper.ANY_DEVICE","flags":0,"keyCode":38,"uid":"a58d0d25-2044-46c5-8d7e-353d224252fb"}],"mode":0},"uid":"8d9edec0-d8b0-4af0-a8d6-0522622d312a"},{"actionList":[{"data":"19","extras":[{"data":"13","id":"extra_repeat_delay"},{"data":"225","id":"extra_hold_down_until_repeat_delay"}],"flags":4,"type":"KEY_EVENT","uid":"0ba5151d-0f33-4f50-b013-d3fd6543a4ee"}],"constraintList":[],"constraintMode":1,"flags":0,"id":9,"isEnabled":true,"trigger":{"extras":[],"flags":0,"keys":[{"clickType":0,"deviceId":"io.github.sds100.keymapper.ANY_DEVICE","flags":1,"keyCode":58,"uid":"41d2513a-0b0b-4cf8-99ed-9949c7fef1ab"},{"clickType":0,"deviceId":"io.github.sds100.keymapper.ANY_DEVICE","flags":0,"keyCode":39,"uid":"845935ec-3309-4d0d-be24-2797144c4445"}],"mode":0},"uid":"0a717e99-9168-41a8-b512-95b0ae7ada31"},{"actionList":[{"data":"67","extras":[{"data":"4096","id":"extra_meta_state"},{"data":"13","id":"extra_repeat_delay"},{"data":"225","id":"extra_hold_down_until_repeat_delay"}],"flags":4,"type":"KEY_EVENT","uid":"0ba5151d-0f33-4f50-b013-d3fd6543a4ee"}],"constraintList":[],"constraintMode":1,"flags":0,"id":10,"isEnabled":true,"trigger":{"extras":[],"flags":0,"keys":[{"clickType":0,"deviceId":"io.github.sds100.keymapper.ANY_DEVICE","flags":1,"keyCode":58,"uid":"41d2513a-0b0b-4cf8-99ed-9949c7fef1ab"},{"clickType":0,"deviceId":"io.github.sds100.keymapper.ANY_DEVICE","flags":0,"keyCode":51,"uid":"24f8e7da-21cf-45b6-b8c6-2936b38fc6b2"}],"mode":0},"uid":"22190b49-f3eb-40e0-8842-6c7a21fd15f4"},{"actionList":[{"data":"66","extras":[{"data":"13","id":"extra_repeat_delay"},{"data":"225","id":"extra_hold_down_until_repeat_delay"}],"flags":4,"type":"KEY_EVENT","uid":"0ba5151d-0f33-4f50-b013-d3fd6543a4ee"}],"constraintList":[],"constraintMode":1,"flags":0,"id":11,"isEnabled":true,"trigger":{"extras":[],"flags":0,"keys":[{"clickType":0,"deviceId":"io.github.sds100.keymapper.ANY_DEVICE","flags":1,"keyCode":58,"uid":"41d2513a-0b0b-4cf8-99ed-9949c7fef1ab"},{"clickType":0,"deviceId":"io.github.sds100.keymapper.ANY_DEVICE","flags":0,"keyCode":43,"uid":"a6bc4968-ea6f-4b7c-959a-1acaaa29b1e8"}],"mode":0},"uid":"21bcc5ca-92a0-485f-b4a7-b09d01855a25"},{"actionList":[{"data":"21","extras":[{"data":"4096","id":"extra_meta_state"},{"data":"13","id":"extra_repeat_delay"},{"data":"225","id":"extra_hold_down_until_repeat_delay"}],"flags":4,"type":"KEY_EVENT","uid":"0ba5151d-0f33-4f50-b013-d3fd6543a4ee"}],"constraintList":[],"constraintMode":1,"flags":0,"id":12,"isEnabled":true,"trigger":{"extras":[],"flags":0,"keys":[{"clickType":0,"deviceId":"io.github.sds100.keymapper.ANY_DEVICE","flags":1,"keyCode":58,"uid":"41d2513a-0b0b-4cf8-99ed-9949c7fef1ab"},{"clickType":0,"deviceId":"io.github.sds100.keymapper.ANY_DEVICE","flags":0,"keyCode":29,"uid":"d6dc084c-84cf-4d3e-bc63-a6ef3c8ef428"}],"mode":0},"uid":"77b85a3d-584f-4f95-b9c3-31155e87c1d5"},{"actionList":[{"data":"22","extras":[{"data":"4096","id":"extra_meta_state"},{"data":"13","id":"extra_repeat_delay"},{"data":"225","id":"extra_hold_down_until_repeat_delay"}],"flags":4,"type":"KEY_EVENT","uid":"0ba5151d-0f33-4f50-b013-d3fd6543a4ee"}],"constraintList":[],"constraintMode":1,"flags":0,"id":13,"isEnabled":true,"trigger":{"extras":[],"flags":0,"keys":[{"clickType":0,"deviceId":"io.github.sds100.keymapper.ANY_DEVICE","flags":1,"keyCode":58,"uid":"41d2513a-0b0b-4cf8-99ed-9949c7fef1ab"},{"clickType":0,"deviceId":"io.github.sds100.keymapper.ANY_DEVICE","flags":0,"keyCode":34,"uid":"93920ae6-311c-419a-9408-49046038a902"}],"mode":0},"uid":"2e7e2ccc-cba9-4218-8628-500805085f2c"},{"actionList":[{"data":"67","extras":[{"data":"13","id":"extra_repeat_delay"},{"data":"225","id":"extra_hold_down_until_repeat_delay"}],"flags":4,"type":"KEY_EVENT","uid":"0ba5151d-0f33-4f50-b013-d3fd6543a4ee"}],"constraintList":[],"constraintMode":1,"flags":0,"id":15,"isEnabled":true,"trigger":{"extras":[],"flags":0,"keys":[{"clickType":0,"deviceId":"io.github.sds100.keymapper.ANY_DEVICE","flags":1,"keyCode":58,"uid":"41d2513a-0b0b-4cf8-99ed-9949c7fef1ab"},{"clickType":0,"deviceId":"io.github.sds100.keymapper.ANY_DEVICE","flags":0,"keyCode":47,"uid":"c8b19c3c-1688-448f-b819-f649abc7d3aa"}],"mode":0},"uid":"0078b8d5-8629-4830-a0e4-7354c56752b5"},{"actionList":[{"data":"22","extras":[{"data":"1","id":"extra_multiplier"}],"flags":0,"type":"KEY_EVENT","uid":"7368b963-9ec6-4c20-aa84-d726bcd6eaa5"},{"data":"67","extras":[{"data":"4096","id":"extra_meta_state"}],"flags":0,"type":"KEY_EVENT","uid":"0ba5151d-0f33-4f50-b013-d3fd6543a4ee"}],"constraintList":[],"constraintMode":1,"flags":0,"id":16,"isEnabled":true,"trigger":{"extras":[],"flags":0,"keys":[{"clickType":0,"deviceId":"io.github.sds100.keymapper.ANY_DEVICE","flags":1,"keyCode":58,"uid":"41d2513a-0b0b-4cf8-99ed-9949c7fef1ab"},{"clickType":0,"deviceId":"io.github.sds100.keymapper.ANY_DEVICE","flags":0,"keyCode":32,"uid":"7ab41224-fb3b-4468-952b-998cc12ae255"}],"mode":0},"uid":"9583c86b-e638-4905-bab1-766bce189cc7"},{"actionList":[{"data":"111","extras":[{"data":"0","id":"extra_delay_before_next_action"}],"flags":0,"type":"KEY_EVENT","uid":"d56d6772-9447-481b-9f35-4be5e08504e8"}],"constraintList":[],"constraintMode":1,"flags":0,"id":17,"isEnabled":true,"trigger":{"extras":[],"flags":0,"keys":[{"clickType":0,"deviceId":"1460f7895f6dc5f8eac48bb35d12a9a6858a23a8","deviceName":"Logi K580 Keyboard","flags":1,"keyCode":57,"uid":"25decd1e-9db6-49c4-bfac-e7d3cf8347a2"}],"mode":2},"uid":"84c378f2-906c-4bf5-b682-9d0044b4f698"},{"actionList":[{"data":"57","extras":[],"flags":8,"type":"KEY_EVENT","uid":"c84d5467-3402-402c-8857-87097c9a3911"},{"data":"61","extras":[],"flags":4,"type":"KEY_EVENT","uid":"26347867-1553-4c2e-b8d7-e7ca159ba9e8"}],"constraintList":[],"constraintMode":1,"flags":0,"id":18,"isEnabled":false,"trigger":{"extras":[],"flags":0,"keys":[{"clickType":0,"deviceId":"1460f7895f6dc5f8eac48bb35d12a9a6858a23a8","deviceName":"Logi K580 Keyboard","flags":1,"keyCode":57,"uid":"068f6b9a-79f1-4905-8c06-5c051cf473f0"},{"clickType":0,"deviceId":"1460f7895f6dc5f8eac48bb35d12a9a6858a23a8","deviceName":"Logi K580 Keyboard","flags":0,"keyCode":61,"uid":"d4b3a9ca-e214-451a-9847-856c5e7e4846"}],"mode":0},"uid":"69432571-616c-4bd9-ab7c-b20ded3a1529"},{"actionList":[{"data":"66","extras":[{"data":"13","id":"extra_repeat_delay"},{"data":"225","id":"extra_hold_down_until_repeat_delay"}],"flags":4,"type":"KEY_EVENT","uid":"0ba5151d-0f33-4f50-b013-d3fd6543a4ee"}],"constraintList":[],"constraintMode":1,"flags":0,"id":20,"isEnabled":true,"trigger":{"extras":[],"flags":0,"keys":[{"clickType":0,"deviceId":"io.github.sds100.keymapper.ANY_DEVICE","flags":1,"keyCode":58,"uid":"41d2513a-0b0b-4cf8-99ed-9949c7fef1ab"},{"clickType":0,"deviceId":"io.github.sds100.keymapper.ANY_DEVICE","flags":0,"keyCode":74,"uid":"d66ac99f-bdcb-4540-8eb8-d46c4215cd74"}],"mode":0},"uid":"32332904-5f48-4bbc-9926-9f8aba7d0171"},{"actionList":[{"data":"66","extras":[{"data":"13","id":"extra_repeat_delay"},{"data":"225","id":"extra_hold_down_until_repeat_delay"}],"flags":4,"type":"KEY_EVENT","uid":"0ba5151d-0f33-4f50-b013-d3fd6543a4ee"}],"constraintList":[],"constraintMode":1,"flags":0,"id":21,"isEnabled":true,"trigger":{"extras":[],"flags":0,"keys":[{"clickType":0,"deviceId":"io.github.sds100.keymapper.ANY_DEVICE","flags":1,"keyCode":58,"uid":"41d2513a-0b0b-4cf8-99ed-9949c7fef1ab"},{"clickType":0,"deviceId":"io.github.sds100.keymapper.ANY_DEVICE","flags":0,"keyCode":44,"uid":"64ddcdfb-c6ea-43b6-b130-a4d589076a42"}],"mode":0},"uid":"e00a16cb-1ccd-4d06-94b6-c6a2ce91864a"},{"actionList":[{"data":"screenshot","extras":[],"flags":0,"type":"SYSTEM_ACTION","uid":"cbdfb0e9-d972-4c2e-9a37-6e7ce6dde7c5"}],"constraintList":[],"constraintMode":1,"flags":0,"id":22,"isEnabled":true,"trigger":{"extras":[],"flags":0,"keys":[{"clickType":0,"deviceId":"io.github.sds100.keymapper.ANY_DEVICE","flags":1,"keyCode":113,"uid":"a558bd5c-8cf3-480d-ae66-24d73716892e"},{"clickType":0,"deviceId":"io.github.sds100.keymapper.ANY_DEVICE","flags":1,"keyCode":59,"uid":"41948ec1-d074-4b92-be04-04af2ff4bf92"},{"clickType":0,"deviceId":"io.github.sds100.keymapper.ANY_DEVICE","flags":1,"keyCode":57,"uid":"bf1d082f-39e3-44ec-a87e-63b23a79b5d2"},{"clickType":0,"deviceId":"io.github.sds100.keymapper.ANY_DEVICE","flags":0,"keyCode":47,"uid":"8ffb748d-7e8b-45e3-bd61-0b7dd85f6d4a"}],"mode":0},"uid":"2ed42229-5788-4e74-915a-ec4d16d4e2c1"},{"actionList":[{"data":"open_settings","extras":[],"flags":0,"type":"SYSTEM_ACTION","uid":"be60cb1f-ee71-4012-a70b-8e370e2c73b8"}],"constraintList":[],"constraintMode":1,"flags":0,"id":23,"isEnabled":false,"trigger":{"extras":[],"flags":0,"keys":[{"clickType":0,"deviceId":"1460f7895f6dc5f8eac48bb35d12a9a6858a23a8","deviceName":"Logi K580 Keyboard","flags":0,"keyCode":0,"uid":"3b416a65-cf69-44ea-a2f7-13424675531c"},{"clickType":0,"deviceId":"1460f7895f6dc5f8eac48bb35d12a9a6858a23a8","deviceName":"Logi K580 Keyboard","flags":0,"keyCode":8,"uid":"41bd8842-aa08-4144-8a43-8111d20aa651"}],"mode":1},"uid":"ebfd752a-c570-46cf-8b2a-ea7c1123a83c"},{"actionList":[{"data":"600,600,600,800,1,100","extras":[{"data":"94","id":"extra_repeat_delay"},{"data":"350","id":"extra_hold_down_until_repeat_delay"}],"flags":4,"type":"SWIPE_COORDINATE","uid":"f95a114b-438f-42b2-b854-350059d57f98"}],"constraintList":[],"constraintMode":1,"flags":0,"id":24,"isEnabled":true,"trigger":{"extras":[],"flags":0,"keys":[{"clickType":0,"deviceId":"1460f7895f6dc5f8eac48bb35d12a9a6858a23a8","deviceName":"Logi K580 Keyboard","flags":0,"keyCode":0,"uid":"8accbd7e-cb5c-41f7-8df9-6876704fcc8b"},{"clickType":0,"deviceId":"1460f7895f6dc5f8eac48bb35d12a9a6858a23a8","deviceName":"Logi K580 Keyboard","flags":0,"keyCode":39,"uid":"56a6f54a-826b-4c47-9dda-9f1d49c4cca6"}],"mode":0},"uid":"0cf6ab37-b940-4aaa-8186-7240e9d46aac"},{"actionList":[{"data":"600,800,600,600,1,100","extras":[{"data":"106","id":"extra_repeat_delay"},{"data":"375","id":"extra_hold_down_until_repeat_delay"}],"flags":4,"type":"SWIPE_COORDINATE","uid":"f95a114b-438f-42b2-b854-350059d57f98"}],"constraintList":[],"constraintMode":1,"flags":0,"id":25,"isEnabled":true,"trigger":{"extras":[],"flags":0,"keys":[{"clickType":0,"deviceId":"1460f7895f6dc5f8eac48bb35d12a9a6858a23a8","deviceName":"Logi K580 Keyboard","flags":0,"keyCode":0,"uid":"8accbd7e-cb5c-41f7-8df9-6876704fcc8b"},{"clickType":0,"deviceId":"1460f7895f6dc5f8eac48bb35d12a9a6858a23a8","deviceName":"Logi K580 Keyboard","flags":0,"keyCode":38,"uid":"f4876344-da02-4d6e-9f38-7a1915aaf21e"}],"mode":0},"uid":"66f0a37c-ebc2-49c5-816e-d9346586d181"},{"actionList":[{"data":"600,600,1000,600,1,75","extras":[{"data":"80","id":"extra_repeat_delay"},{"data":"365","id":"extra_hold_down_until_repeat_delay"}],"flags":4,"type":"SWIPE_COORDINATE","uid":"f95a114b-438f-42b2-b854-350059d57f98"}],"constraintList":[],"constraintMode":1,"flags":0,"id":26,"isEnabled":true,"trigger":{"extras":[],"flags":0,"keys":[{"clickType":0,"deviceId":"1460f7895f6dc5f8eac48bb35d12a9a6858a23a8","deviceName":"Logi K580 Keyboard","flags":0,"keyCode":0,"uid":"8accbd7e-cb5c-41f7-8df9-6876704fcc8b"},{"clickType":0,"deviceId":"1460f7895f6dc5f8eac48bb35d12a9a6858a23a8","deviceName":"Logi K580 Keyboard","flags":0,"keyCode":36,"uid":"6c2fd606-3cb4-4cb6-bb82-e647e5cf882c"}],"mode":0},"uid":"6b1591af-dd83-4a15-9056-a4d8224e8d73"},{"actionList":[{"data":"1000,600,600,600,1,75","extras":[{"data":"79","id":"extra_repeat_delay"},{"data":"315","id":"extra_hold_down_until_repeat_delay"}],"flags":4,"type":"SWIPE_COORDINATE","uid":"f95a114b-438f-42b2-b854-350059d57f98"}],"constraintList":[],"constraintMode":1,"flags":0,"id":27,"isEnabled":true,"trigger":{"extras":[],"flags":0,"keys":[{"clickType":0,"deviceId":"1460f7895f6dc5f8eac48bb35d12a9a6858a23a8","deviceName":"Logi K580 Keyboard","flags":0,"keyCode":0,"uid":"8accbd7e-cb5c-41f7-8df9-6876704fcc8b"},{"clickType":0,"deviceId":"1460f7895f6dc5f8eac48bb35d12a9a6858a23a8","deviceName":"Logi K580 Keyboard","flags":0,"keyCode":40,"uid":"17a0fb9b-2639-4d43-9a7f-518970e96f86"}],"mode":0},"uid":"96cf4236-975b-489a-aff5-a5aca0b5bf9d"},{"actionList":[{"data":"go_home","extras":[],"flags":0,"type":"SYSTEM_ACTION","uid":"a47b5cb5-52f2-4310-9841-3bb49c2fc054"}],"constraintList":[],"constraintMode":1,"flags":0,"id":28,"isEnabled":true,"trigger":{"extras":[],"flags":0,"keys":[{"clickType":0,"deviceId":"1460f7895f6dc5f8eac48bb35d12a9a6858a23a8","deviceName":"Logi K580 Keyboard","flags":0,"keyCode":0,"uid":"84bb3d37-162d-46a8-a475-c6cdb0332ece"},{"clickType":0,"deviceId":"1460f7895f6dc5f8eac48bb35d12a9a6858a23a8","deviceName":"Logi K580 Keyboard","flags":0,"keyCode":32,"uid":"630004e7-b17c-4a31-954e-977355afe3b3"}],"mode":0},"uid":"cb482c74-4a94-471d-b77c-f542a2e1b60f"},{"actionList":[{"data":"38","extras":[{"data":"12","id":"extra_repeat_delay"},{"data":"220","id":"extra_hold_down_until_repeat_delay"}],"flags":4,"type":"KEY_EVENT","uid":"0126ed70-0f37-4d8a-b9e0-7fcc44a964e1"}],"constraintList":[],"constraintMode":1,"flags":0,"id":29,"isEnabled":false,"trigger":{"extras":[],"flags":0,"keys":[{"clickType":0,"deviceId":"io.github.sds100.keymapper.ANY_DEVICE","flags":0,"keyCode":38,"uid":"ae3e0e3f-688d-4150-9fbb-e5768cf33065"}],"mode":2},"uid":"fbb6f1a2-d09e-4b48-9ce4-248bb5dd7053"},{"actionList":[{"data":"39","extras":[{"data":"12","id":"extra_repeat_delay"},{"data":"220","id":"extra_hold_down_until_repeat_delay"}],"flags":4,"type":"KEY_EVENT","uid":"0126ed70-0f37-4d8a-b9e0-7fcc44a964e1"}],"constraintList":[],"constraintMode":1,"flags":0,"id":30,"isEnabled":false,"trigger":{"extras":[],"flags":0,"keys":[{"clickType":0,"deviceId":"io.github.sds100.keymapper.ANY_DEVICE","flags":0,"keyCode":39,"uid":"a951df09-510f-4321-8634-2a0e32dbdc65"}],"mode":2},"uid":"b3cf22d0-6731-45e1-a4b0-e3ed618e2510"},{"actionList":[{"data":"36","extras":[{"data":"12","id":"extra_repeat_delay"},{"data":"220","id":"extra_hold_down_until_repeat_delay"}],"flags":4,"type":"KEY_EVENT","uid":"0126ed70-0f37-4d8a-b9e0-7fcc44a964e1"}],"constraintList":[],"constraintMode":1,"flags":0,"id":31,"isEnabled":false,"trigger":{"extras":[],"flags":0,"keys":[{"clickType":0,"deviceId":"io.github.sds100.keymapper.ANY_DEVICE","flags":0,"keyCode":36,"uid":"6ecc7ce7-5efb-439e-9a8f-71378832605b"}],"mode":2},"uid":"87e11c96-9ff9-4e99-ac95-d4da61f22e3e"},{"actionList":[{"data":"40","extras":[{"data":"12","id":"extra_repeat_delay"},{"data":"220","id":"extra_hold_down_until_repeat_delay"}],"flags":4,"type":"KEY_EVENT","uid":"0126ed70-0f37-4d8a-b9e0-7fcc44a964e1"}],"constraintList":[],"constraintMode":1,"flags":0,"id":32,"isEnabled":false,"trigger":{"extras":[],"flags":0,"keys":[{"clickType":0,"deviceId":"io.github.sds100.keymapper.ANY_DEVICE","flags":0,"keyCode":40,"uid":"1182e64a-0e5e-448b-926c-1ab6cbeef868"}],"mode":2},"uid":"0173c12c-3ac4-46a3-8a8e-9fe11162290e"},{"actionList":[{"data":"600,600,600,1100,1,100","extras":[{"data":"94","id":"extra_repeat_delay"},{"data":"350","id":"extra_hold_down_until_repeat_delay"}],"flags":4,"type":"SWIPE_COORDINATE","uid":"f95a114b-438f-42b2-b854-350059d57f98"}],"constraintList":[],"constraintMode":1,"flags":0,"id":33,"isEnabled":true,"trigger":{"extras":[],"flags":0,"keys":[{"clickType":0,"deviceId":"1460f7895f6dc5f8eac48bb35d12a9a6858a23a8","deviceName":"Logi K580 Keyboard","flags":0,"keyCode":0,"uid":"8accbd7e-cb5c-41f7-8df9-6876704fcc8b"},{"clickType":0,"deviceId":"1460f7895f6dc5f8eac48bb35d12a9a6858a23a8","deviceName":"Logi K580 Keyboard","flags":1,"keyCode":59,"uid":"3746990f-9155-4b25-9061-2446ed1f5eb7"},{"clickType":0,"deviceId":"1460f7895f6dc5f8eac48bb35d12a9a6858a23a8","deviceName":"Logi K580 Keyboard","flags":0,"keyCode":39,"uid":"c1b7aabe-10b7-47b9-9783-1b0a0dd152be"}],"mode":0},"uid":"9dfe343a-d102-4630-9c53-fa82fc4a6971"},{"actionList":[{"data":"600,1100,600,600,1,100","extras":[{"data":"106","id":"extra_repeat_delay"},{"data":"375","id":"extra_hold_down_until_repeat_delay"}],"flags":4,"type":"SWIPE_COORDINATE","uid":"f95a114b-438f-42b2-b854-350059d57f98"}],"constraintList":[],"constraintMode":1,"flags":0,"id":34,"isEnabled":true,"trigger":{"extras":[],"flags":0,"keys":[{"clickType":0,"deviceId":"1460f7895f6dc5f8eac48bb35d12a9a6858a23a8","deviceName":"Logi K580 Keyboard","flags":0,"keyCode":0,"uid":"8accbd7e-cb5c-41f7-8df9-6876704fcc8b"},{"clickType":0,"deviceId":"1460f7895f6dc5f8eac48bb35d12a9a6858a23a8","deviceName":"Logi K580 Keyboard","flags":1,"keyCode":59,"uid":"b8344402-0d0a-4dd2-86e5-7be2ba249132"},{"clickType":0,"deviceId":"1460f7895f6dc5f8eac48bb35d12a9a6858a23a8","deviceName":"Logi K580 Keyboard","flags":0,"keyCode":38,"uid":"b651c123-ba80-4de7-b217-48c2669b1ee8"}],"mode":0},"uid":"8d4b6f21-25e9-4ab3-80ae-4e27abea848f"},{"actionList":[{"data":"text_paste","extras":[],"flags":0,"type":"SYSTEM_ACTION","uid":"918321a2-fbb5-45ee-b7fd-34d611c40857"}],"constraintList":[],"constraintMode":1,"flags":0,"id":35,"isEnabled":true,"trigger":{"extras":[],"flags":0,"keys":[{"clickType":0,"deviceId":"io.github.sds100.keymapper.ANY_DEVICE","flags":1,"keyCode":113,"uid":"4597d0d0-c106-4bac-9b52-12b9ccf22017"},{"clickType":0,"deviceId":"io.github.sds100.keymapper.ANY_DEVICE","flags":1,"keyCode":59,"uid":"28d00b3a-e2f7-4bc1-9d2e-68cc30c3b4a3"},{"clickType":0,"deviceId":"io.github.sds100.keymapper.ANY_DEVICE","flags":0,"keyCode":50,"uid":"66b149a6-c116-49a5-b706-c7e20476f1ef"}],"mode":0},"uid":"67d49a59-0d5f-48d6-81da-5d93b90be9a3"},{"actionList":[{"data":"text_copy","extras":[],"flags":0,"type":"SYSTEM_ACTION","uid":"f2db3293-2331-406d-985a-cf472e7d45a5"}],"constraintList":[],"constraintMode":1,"flags":0,"id":36,"isEnabled":true,"trigger":{"extras":[],"flags":0,"keys":[{"clickType":0,"deviceId":"io.github.sds100.keymapper.ANY_DEVICE","flags":1,"keyCode":113,"uid":"0ce5c73d-14bd-4125-8455-9e60333cd9cf"},{"clickType":0,"deviceId":"io.github.sds100.keymapper.ANY_DEVICE","flags":1,"keyCode":59,"uid":"00d351d4-6c0c-49a1-8b12-e5d7339c7a0d"},{"clickType":0,"deviceId":"io.github.sds100.keymapper.ANY_DEVICE","flags":0,"keyCode":31,"uid":"02c39009-7c8d-4529-87d3-6c43811aa006"}],"mode":0},"uid":"28cc42ae-1e21-4a63-8dde-38aa92446b22"},{"actionList":[{"data":"go_back","extras":[],"flags":0,"type":"SYSTEM_ACTION","uid":"dddffc3a-d38d-4eb8-a429-bf627fe50285"}],"constraintList":[],"constraintMode":1,"flags":0,"id":37,"isEnabled":true,"trigger":{"extras":[],"flags":0,"keys":[{"clickType":0,"deviceId":"1460f7895f6dc5f8eac48bb35d12a9a6858a23a8","deviceName":"Logi K580 Keyboard","flags":0,"keyCode":0,"uid":"10a27905-18e6-4865-b073-78a6f813ccf7"},{"clickType":0,"deviceId":"1460f7895f6dc5f8eac48bb35d12a9a6858a23a8","deviceName":"Logi K580 Keyboard","flags":0,"keyCode":67,"uid":"972d9373-cfb9-429b-9255-6671e317ed80"}],"mode":0},"uid":"03bde24f-4fae-4892-83a4-c54e2e1cc0f6"},{"actionList":[{"data":"233,719","extras":[],"flags":0,"type":"TAP_COORDINATE","uid":"7c27b79d-8ccb-4d37-9393-10ae4fa5f4a7"}],"constraintList":[],"constraintMode":1,"flags":0,"id":39,"isEnabled":true,"trigger":{"extras":[],"flags":0,"keys":[{"clickType":0,"deviceId":"1460f7895f6dc5f8eac48bb35d12a9a6858a23a8","deviceName":"Logi K580 Keyboard","flags":0,"keyCode":0,"uid":"6b52362c-c742-4b67-b163-982f863a9485"},{"clickType":0,"deviceId":"1460f7895f6dc5f8eac48bb35d12a9a6858a23a8","deviceName":"Logi K580 Keyboard","flags":0,"keyCode":37,"uid":"4eec7886-2f31-47e4-a9e4-f24a18efd2fd"}],"mode":0},"uid":"dec70eff-5070-4687-9604-42700ce3d830"},{"actionList":[{"data":"portrait_mode","extras":[],"flags":0,"type":"SYSTEM_ACTION","uid":"2fa7275b-3702-4cad-a18a-0fd7ea1691c7"}],"constraintList":[],"constraintMode":1,"flags":0,"id":40,"isEnabled":true,"trigger":{"extras":[],"flags":0,"keys":[{"clickType":0,"deviceId":"1460f7895f6dc5f8eac48bb35d12a9a6858a23a8","deviceName":"Logi K580 Keyboard","flags":0,"keyCode":0,"uid":"03047950-017c-474b-ad7f-fa2b5f8cab26"},{"clickType":0,"deviceId":"1460f7895f6dc5f8eac48bb35d12a9a6858a23a8","deviceName":"Logi K580 Keyboard","flags":0,"keyCode":48,"uid":"a2499954-0cf7-41b2-9a0c-bc624b9b9f7f"}],"mode":0},"uid":"22ecaa4d-cb74-429a-bcfa-537403eaa727"},{"actionList":[{"data":"600,600,600,800,1,100","extras":[{"data":"94","id":"extra_repeat_delay"},{"data":"350","id":"extra_hold_down_until_repeat_delay"}],"flags":4,"type":"SWIPE_COORDINATE","uid":"f95a114b-438f-42b2-b854-350059d57f98"}],"constraintList":[],"constraintMode":1,"flags":0,"id":41,"isEnabled":true,"trigger":{"extras":[],"flags":0,"keys":[{"clickType":0,"deviceId":"1460f7895f6dc5f8eac48bb35d12a9a6858a23a8","deviceName":"Logi K580 Keyboard","flags":0,"keyCode":0,"uid":"8accbd7e-cb5c-41f7-8df9-6876704fcc8b"},{"clickType":0,"deviceId":"1460f7895f6dc5f8eac48bb35d12a9a6858a23a8","deviceName":"Logi K580 Keyboard","flags":0,"keyCode":39,"uid":"56a6f54a-826b-4c47-9dda-9f1d49c4cca6"}],"mode":0},"uid":"99f34e70-46d5-4848-8934-001ace03f68d"},{"actionList":[{"data":"600,800,600,600,1,100","extras":[{"data":"106","id":"extra_repeat_delay"},{"data":"375","id":"extra_hold_down_until_repeat_delay"}],"flags":4,"type":"SWIPE_COORDINATE","uid":"f95a114b-438f-42b2-b854-350059d57f98"}],"constraintList":[],"constraintMode":1,"flags":0,"id":42,"isEnabled":true,"trigger":{"extras":[],"flags":0,"keys":[{"clickType":0,"deviceId":"1460f7895f6dc5f8eac48bb35d12a9a6858a23a8","deviceName":"Logi K580 Keyboard","flags":0,"keyCode":0,"uid":"8accbd7e-cb5c-41f7-8df9-6876704fcc8b"},{"clickType":0,"deviceId":"1460f7895f6dc5f8eac48bb35d12a9a6858a23a8","deviceName":"Logi K580 Keyboard","flags":0,"keyCode":38,"uid":"f4876344-da02-4d6e-9f38-7a1915aaf21e"}],"mode":0},"uid":"7a3c4daf-139c-440d-bab1-179dbde2825a"},{"actionList":[{"data":"600,600,600,1100,1,100","extras":[{"data":"94","id":"extra_repeat_delay"},{"data":"350","id":"extra_hold_down_until_repeat_delay"}],"flags":4,"type":"SWIPE_COORDINATE","uid":"f95a114b-438f-42b2-b854-350059d57f98"}],"constraintList":[],"constraintMode":1,"flags":0,"id":43,"isEnabled":true,"trigger":{"extras":[],"flags":0,"keys":[{"clickType":0,"deviceId":"1460f7895f6dc5f8eac48bb35d12a9a6858a23a8","deviceName":"Logi K580 Keyboard","flags":0,"keyCode":0,"uid":"8accbd7e-cb5c-41f7-8df9-6876704fcc8b"},{"clickType":0,"deviceId":"1460f7895f6dc5f8eac48bb35d12a9a6858a23a8","deviceName":"Logi K580 Keyboard","flags":1,"keyCode":59,"uid":"3746990f-9155-4b25-9061-2446ed1f5eb7"},{"clickType":0,"deviceId":"1460f7895f6dc5f8eac48bb35d12a9a6858a23a8","deviceName":"Logi K580 Keyboard","flags":0,"keyCode":39,"uid":"c1b7aabe-10b7-47b9-9783-1b0a0dd152be"}],"mode":0},"uid":"b86c5085-21b3-413e-ac09-a6a6a87ab854"},{"actionList":[{"data":"600,1100,600,600,1,100","extras":[{"data":"106","id":"extra_repeat_delay"},{"data":"375","id":"extra_hold_down_until_repeat_delay"}],"flags":4,"type":"SWIPE_COORDINATE","uid":"f95a114b-438f-42b2-b854-350059d57f98"}],"constraintList":[],"constraintMode":1,"flags":0,"id":44,"isEnabled":true,"trigger":{"extras":[],"flags":0,"keys":[{"clickType":0,"deviceId":"1460f7895f6dc5f8eac48bb35d12a9a6858a23a8","deviceName":"Logi K580 Keyboard","flags":0,"keyCode":0,"uid":"8accbd7e-cb5c-41f7-8df9-6876704fcc8b"},{"clickType":0,"deviceId":"1460f7895f6dc5f8eac48bb35d12a9a6858a23a8","deviceName":"Logi K580 Keyboard","flags":1,"keyCode":59,"uid":"b8344402-0d0a-4dd2-86e5-7be2ba249132"},{"clickType":0,"deviceId":"1460f7895f6dc5f8eac48bb35d12a9a6858a23a8","deviceName":"Logi K580 Keyboard","flags":0,"keyCode":38,"uid":"b651c123-ba80-4de7-b217-48c2669b1ee8"}],"mode":0},"uid":"3051dd58-98cd-40f5-8bfa-254c70cfdf2a"},{"actionList":[{"data":"switch_keyboard","extras":[{"data":"io.github.sds100.keymapper/.system.inputmethod.KeyMapperImeService","id":"extra_ime_id"},{"data":"Key Mapper Basic Input Method","id":"extra_ime_name"}],"flags":0,"type":"SYSTEM_ACTION","uid":"691eb8b8-4b58-43f2-918b-6608d53cab85"}],"constraintList":[],"constraintMode":1,"flags":0,"id":45,"isEnabled":true,"trigger":{"extras":[],"flags":0,"keys":[{"clickType":0,"deviceId":"1460f7895f6dc5f8eac48bb35d12a9a6858a23a8","deviceName":"Logi K580 Keyboard","flags":0,"keyCode":0,"uid":"cf2e14fb-8e5c-40d0-9f22-f8d0e23154d2"},{"clickType":0,"deviceId":"1460f7895f6dc5f8eac48bb35d12a9a6858a23a8","deviceName":"Logi K580 Keyboard","flags":0,"keyCode":43,"uid":"fb56d4af-38e1-47a6-9b20-53447dc5003d"}],"mode":0},"uid":"ea204461-ee8b-4bb2-9af9-45752ca353a0"},{"actionList":[{"data":"switch_keyboard","extras":[{"data":"com.samsung.android.honeyboard/.service.HoneyBoardService","id":"extra_ime_id"},{"data":"Samsung Keyboard","id":"extra_ime_name"}],"flags":0,"type":"SYSTEM_ACTION","uid":"4624b40e-39a0-41b4-9605-2bfa98397945"}],"constraintList":[],"constraintMode":1,"flags":0,"id":46,"isEnabled":true,"trigger":{"extras":[],"flags":0,"keys":[{"clickType":0,"deviceId":"1460f7895f6dc5f8eac48bb35d12a9a6858a23a8","deviceName":"Logi K580 Keyboard","flags":0,"keyCode":0,"uid":"4c87fc54-de7a-4465-8a72-d1a3e4948c8e"},{"clickType":0,"deviceId":"1460f7895f6dc5f8eac48bb35d12a9a6858a23a8","deviceName":"Logi K580 Keyboard","flags":1,"keyCode":59,"uid":"b633a459-b1cd-489d-ac5c-dfa85affb859"},{"clickType":0,"deviceId":"1460f7895f6dc5f8eac48bb35d12a9a6858a23a8","deviceName":"Logi K580 Keyboard","flags":0,"keyCode":43,"uid":"8b102138-634e-41a6-b151-e0f9c3ba3d9d"}],"mode":0},"uid":"a713bfb8-d563-4667-aa86-339959d9f42c"},{"actionList":[{"data":"landscape_mode","extras":[],"flags":0,"type":"SYSTEM_ACTION","uid":"8480cd3c-65e2-4512-ac18-be31b8d40af0"}],"constraintList":[],"constraintMode":1,"flags":0,"id":47,"isEnabled":true,"trigger":{"extras":[],"flags":0,"keys":[{"clickType":0,"deviceId":"1460f7895f6dc5f8eac48bb35d12a9a6858a23a8","deviceName":"Logi K580 Keyboard","flags":0,"keyCode":0,"uid":"03047950-017c-474b-ad7f-fa2b5f8cab26"},{"clickType":0,"deviceId":"1460f7895f6dc5f8eac48bb35d12a9a6858a23a8","deviceName":"Logi K580 Keyboard","flags":1,"keyCode":59,"uid":"e8d0cbfc-b062-430b-963e-2e06efbafad0"},{"clickType":0,"deviceId":"1460f7895f6dc5f8eac48bb35d12a9a6858a23a8","deviceName":"Logi K580 Keyboard","flags":0,"keyCode":48,"uid":"1e8bc3b4-feb3-40eb-9daa-86a6ae439d4e"}],"mode":0},"uid":"f8468394-9712-403a-b687-d6c5d971b8ed"},{"actionList":[{"data":"193,1916","extras":[],"flags":0,"type":"TAP_COORDINATE","uid":"7c27b79d-8ccb-4d37-9393-10ae4fa5f4a7"}],"constraintList":[],"constraintMode":1,"flags":0,"id":48,"isEnabled":true,"trigger":{"extras":[],"flags":0,"keys":[{"clickType":0,"deviceId":"1460f7895f6dc5f8eac48bb35d12a9a6858a23a8","deviceName":"Logi K580 Keyboard","flags":0,"keyCode":0,"uid":"6b52362c-c742-4b67-b163-982f863a9485"},{"clickType":0,"deviceId":"1460f7895f6dc5f8eac48bb35d12a9a6858a23a8","deviceName":"Logi K580 Keyboard","flags":0,"keyCode":37,"uid":"4eec7886-2f31-47e4-a9e4-f24a18efd2fd"}],"mode":0},"uid":"cfc18952-cff2-4033-b07b-b9b296264651"},{"actionList":[{"data":"decrease_brightness","extras":[],"flags":0,"type":"SYSTEM_ACTION","uid":"a0ccac2b-a7a2-49e6-b0ce-f8915233a8cb"}],"constraintList":[],"constraintMode":1,"flags":0,"id":49,"isEnabled":true,"trigger":{"extras":[],"flags":0,"keys":[{"clickType":0,"deviceId":"1460f7895f6dc5f8eac48bb35d12a9a6858a23a8","deviceName":"Logi K580 Keyboard","flags":0,"keyCode":0,"uid":"94844ba9-5399-4e7d-9e08-34bf9a19c235"},{"clickType":0,"deviceId":"1460f7895f6dc5f8eac48bb35d12a9a6858a23a8","deviceName":"Logi K580 Keyboard","flags":1,"keyCode":59,"uid":"7954972b-bb37-4cac-bff5-fe11b25ec05b"},{"clickType":0,"deviceId":"1460f7895f6dc5f8eac48bb35d12a9a6858a23a8","deviceName":"Logi K580 Keyboard","flags":0,"keyCode":29,"uid":"d600e69a-adf7-4b0c-934c-358155038ca6"}],"mode":0},"uid":"85024591-68d2-40d1-b3b6-d77c8e02bd1f"},{"actionList":[{"data":"increase_brightness","extras":[],"flags":0,"type":"SYSTEM_ACTION","uid":"3774b442-ca6d-4d41-9360-bacab6f2e681"}],"constraintList":[],"constraintMode":1,"flags":0,"id":50,"isEnabled":true,"trigger":{"extras":[],"flags":0,"keys":[{"clickType":0,"deviceId":"1460f7895f6dc5f8eac48bb35d12a9a6858a23a8","deviceName":"Logi K580 Keyboard","flags":0,"keyCode":0,"uid":"94844ba9-5399-4e7d-9e08-34bf9a19c235"},{"clickType":0,"deviceId":"1460f7895f6dc5f8eac48bb35d12a9a6858a23a8","deviceName":"Logi K580 Keyboard","flags":0,"keyCode":29,"uid":"d600e69a-adf7-4b0c-934c-358155038ca6"}],"mode":0},"uid":"00ca04d8-76d9-4963-83db-64781e51105e"},{"actionList":[{"data":"open_recents","extras":[],"flags":0,"type":"SYSTEM_ACTION","uid":"e124a06f-120c-4812-bceb-690bd9bc302f"}],"constraintList":[],"constraintMode":1,"flags":0,"id":51,"isEnabled":true,"trigger":{"extras":[],"flags":0,"keys":[{"clickType":0,"deviceId":"1460f7895f6dc5f8eac48bb35d12a9a6858a23a8","deviceName":"Logi K580 Keyboard","flags":0,"keyCode":0,"uid":"62e9c30b-1552-4233-bac0-5685bba53513"},{"clickType":0,"deviceId":"1460f7895f6dc5f8eac48bb35d12a9a6858a23a8","deviceName":"Logi K580 Keyboard","flags":0,"keyCode":51,"uid":"41ab9603-f426-47cd-b0bc-b8818b56bd71"}],"mode":0},"uid":"5a81f5e7-2e00-42a4-b93b-19685ff8e6ca"}]}